Species,mean_diam,mean_width,mean_mass,std_mass,initial_count,max_viable_day,95th_viable_day,no_of_islands_observed,mantel_r_s_disp/distr,mantel_p_s_disp/distr,mantel_r_s_disp/dist,mantel_p_s_disp/dist
Acrocomia crispa,23.87,24.27368421,3.92,1.93,111,21,21,2,-0.009574,0.5146,-0.01181,0.5415
Aiphanes minima,15.71,16.08720588,2.73,1.02,95,13,8,8,0.1388,0.052,-0.03525,0.7542
Catesbaea spinosa,27.54,34.0572,12.48,8.36,60,21,21,10,-0.08032,0.8582,-0.0512,0.9139
Chrysobalanus icaco,25.92,28.16524476,9.52,2.18,76,90,87,33,0.1603,0.0156,0.06895,0.0705
Coccothrinax barbadensis,10.88,12.413,1.07,0.076,168,0,0,12,,,,
Coccothrinax borhidiana,12.85,15.231875,1.81,0.24,182,3,3,1,0.1814,0.058,0.05816,0.1847
Coccothrinax spissa,10.43,11.9547619,1.06,0.097,77,0,0,1,,,,
Gaussia attenuata,11.33,16.09,1.06,0.15,340,0,0,2,0.0446,0.3418,-0.0117,0.5366
Goetzea elegans,18.79,22.5862963,3.92,1.93,90,7,7,2,,,,
Pseudophoenix vinifera,18.96,28.58583333,4.95,1.34,286,3,1,1,-0.1104,0.8673,-0.01198,0.5669
Syagrus amara,31.04,40.975,25.15,1.73,29,0,0,4,,,,
Theophrasta jussieui,43.35,46.70166667,49,18.8,17,21,7,1,0.01739,0.3835,-0.01198,0.5712
Thrinax radiata,8.84,10.3364,0.56,0.09,168,28,9,15,-0.08199,0.9398,-0.05106,0.9936
Zombia antillarum,20.51,21.3602381,5.22,1.39,44,21,21,1,0.01567,0.3925,-0.01198,0.5726
Coccoloba uvifera,16.18,17.408,2.85,0.21,100,90,,,,,,
