"","island","count"
"1","Grenada",56
"2","Barbados",84
"3","Saint Vincent",43
"4","Saint Lucia",84
"5","Martinique",104
"6","Dominica",68
"7","Saint Louis",121
"8","Guadeloupe",56
"9","Montserrat",16
"10","Antigua",28
"11","Saint Kitts",30
"12","Barbuda",122
"13","Hispaniola",145
"14","Saint Croix",12
"15","Jamaica",18
"16","Puerto Rico",114
"17","Saint Martin",42
"18","Vieques",52
"19","St. Thomas",56
"20","Gonave Island",4
"21","Grand Cayman",62
"22","Cuba",130
"23","Tortuga",3
"24","Great Inagua Island",31
"25","Little Inagua",17
"26","Isla de la Juventud",78
"27","East Caicos",74
"28","Middle Caicos",35
"29","Providenciales",1
"30","North Caicos",14
"31","Acklins Island",26
"32","Mayaguana",43
"33","Crooked Island",40
"34","Long Island",29
"35","Great Exuma",30
"36","South Andros",9
"37","San Salvador Island",168
"38","Mangrove Cay",7
"39","Cat Island",181
"40","North Andros",5
"41","Eleuthera",127
"42","New Providence",6
"43","Great Abaco Island",346
"44","Grand Bahama Island",252
