Species,Days,perc,Type
Acrocomia crispa,0,38.73873874,7
Acrocomia crispa,1,38.73873874,7
Acrocomia crispa,2,38.73873874,7
Acrocomia crispa,3,38.73873874,7
Acrocomia crispa,4,38.73873874,7
Acrocomia crispa,5,38.73873874,7
Acrocomia crispa,6,38.73873874,7
Acrocomia crispa,7,38.73873874,7
Acrocomia crispa,8,38.73873874,7
Acrocomia crispa,9,38.73873874,7
Acrocomia crispa,10,38.73873874,7
Acrocomia crispa,11,38.73873874,7
Acrocomia crispa,12,38.73873874,7
Acrocomia crispa,13,38.73873874,7
Acrocomia crispa,14,38.73873874,7
Acrocomia crispa,15,38.73873874,7
Acrocomia crispa,16,38.73873874,7
Acrocomia crispa,17,38.73873874,7
Acrocomia crispa,18,5.504587156,7
Acrocomia crispa,19,5.504587156,7
Acrocomia crispa,20,5.504587156,7
Acrocomia crispa,21,4.62962963,7
Aiphanes minima,0,100,5
Aiphanes minima,1,98.94736842,5
Aiphanes minima,2,96.84210526,5
Aiphanes minima,3,86.31578947,5
Aiphanes minima,4,57.89473684,5
Aiphanes minima,5,57.89473684,5
Aiphanes minima,6,49.47368421,5
Aiphanes minima,7,11.57894737,5
Aiphanes minima,8,3.157894737,5
Aiphanes minima,9,3.157894737,5
Aiphanes minima,10,1.052631579,5
Aiphanes minima,11,1.052631579,5
Aiphanes minima,12,1.052631579,5
Aiphanes minima,13,1.052631579,5
Aiphanes minima,14,0,5
Catesbaea spinosa,0,100,9
Catesbaea spinosa,1,100,9
Catesbaea spinosa,2,100,9
Catesbaea spinosa,3,100,9
Catesbaea spinosa,4,78.68852459,9
Catesbaea spinosa,5,78.68852459,9
Catesbaea spinosa,6,78.68852459,9
Catesbaea spinosa,7,78.68852459,9
Catesbaea spinosa,8,78.68852459,9
Catesbaea spinosa,9,78.68852459,9
Catesbaea spinosa,10,78.68852459,9
Catesbaea spinosa,11,78.68852459,9
Catesbaea spinosa,12,78.68852459,9
Catesbaea spinosa,13,78.68852459,9
Catesbaea spinosa,14,78.68852459,9
Catesbaea spinosa,15,78.68852459,9
Catesbaea spinosa,16,78.68852459,9
Catesbaea spinosa,17,8.928571429,9
Catesbaea spinosa,18,8.928571429,9
Catesbaea spinosa,19,8.928571429,9
Catesbaea spinosa,20,8.928571429,9
Catesbaea spinosa,21,8.928571429,9
Catesbaea spinosa,22,0,9
Chrysobalanus icaco,0,100,10
Chrysobalanus icaco,1,100,10
Chrysobalanus icaco,2,100,10
Chrysobalanus icaco,3,100,10
Chrysobalanus icaco,4,100,10
Chrysobalanus icaco,5,100,10
Chrysobalanus icaco,6,100,10
Chrysobalanus icaco,7,100,10
Chrysobalanus icaco,8,100,10
Chrysobalanus icaco,9,100,10
Chrysobalanus icaco,10,100,10
Chrysobalanus icaco,11,100,10
Chrysobalanus icaco,12,100,10
Chrysobalanus icaco,13,100,10
Chrysobalanus icaco,14,90.32258065,10
Chrysobalanus icaco,15,90.32258065,10
Chrysobalanus icaco,16,90.32258065,10
Chrysobalanus icaco,17,83.87096774,10
Chrysobalanus icaco,18,83.87096774,10
Chrysobalanus icaco,19,83.87096774,10
Chrysobalanus icaco,20,83.87096774,10
Chrysobalanus icaco,21,83.87096774,10
Chrysobalanus icaco,22,83.87096774,10
Chrysobalanus icaco,23,83.87096774,10
Chrysobalanus icaco,24,83.87096774,10
Chrysobalanus icaco,25,83.87096774,10
Chrysobalanus icaco,26,83.87096774,10
Chrysobalanus icaco,27,83.87096774,10
Chrysobalanus icaco,28,83.87096774,10
Chrysobalanus icaco,29,83.87096774,10
Chrysobalanus icaco,30,83.87096774,10
Chrysobalanus icaco,31,72.4137931,10
Chrysobalanus icaco,32,72.4137931,10
Chrysobalanus icaco,33,72.4137931,10
Chrysobalanus icaco,34,72.4137931,10
Chrysobalanus icaco,35,65.51724138,10
Chrysobalanus icaco,36,65.51724138,10
Chrysobalanus icaco,37,65.51724138,10
Chrysobalanus icaco,38,65.51724138,10
Chrysobalanus icaco,39,65.51724138,10
Chrysobalanus icaco,40,65.51724138,10
Chrysobalanus icaco,41,55.55555556,10
Chrysobalanus icaco,42,55.55555556,10
Chrysobalanus icaco,43,55.55555556,10
Chrysobalanus icaco,44,55.55555556,10
Chrysobalanus icaco,45,55.55555556,10
Chrysobalanus icaco,46,55.55555556,10
Chrysobalanus icaco,47,55.55555556,10
Chrysobalanus icaco,48,55.55555556,10
Chrysobalanus icaco,49,55.55555556,10
Chrysobalanus icaco,50,55.55555556,10
Chrysobalanus icaco,51,55.55555556,10
Chrysobalanus icaco,52,55.55555556,10
Chrysobalanus icaco,53,55.55555556,10
Chrysobalanus icaco,54,55.55555556,10
Chrysobalanus icaco,55,55.55555556,10
Chrysobalanus icaco,56,55.55555556,10
Chrysobalanus icaco,57,55.55555556,10
Chrysobalanus icaco,58,55.55555556,10
Chrysobalanus icaco,59,55.55555556,10
Chrysobalanus icaco,60,55.55555556,10
Chrysobalanus icaco,61,55.55555556,10
Chrysobalanus icaco,62,55.55555556,10
Chrysobalanus icaco,63,55.55555556,10
Chrysobalanus icaco,64,55.55555556,10
Chrysobalanus icaco,65,55.55555556,10
Chrysobalanus icaco,66,55.55555556,10
Chrysobalanus icaco,67,55.55555556,10
Chrysobalanus icaco,68,55.55555556,10
Chrysobalanus icaco,69,44,10
Chrysobalanus icaco,70,44,10
Chrysobalanus icaco,71,44,10
Chrysobalanus icaco,72,44,10
Chrysobalanus icaco,73,44,10
Chrysobalanus icaco,74,44,10
Chrysobalanus icaco,75,44,10
Chrysobalanus icaco,76,44,10
Chrysobalanus icaco,77,44,10
Chrysobalanus icaco,78,44,10
Chrysobalanus icaco,79,44,10
Chrysobalanus icaco,80,44,10
Chrysobalanus icaco,81,44,10
Chrysobalanus icaco,82,44,10
Chrysobalanus icaco,83,44,10
Chrysobalanus icaco,84,44,10
Chrysobalanus icaco,85,44,10
Chrysobalanus icaco,86,44,10
Chrysobalanus icaco,87,29.16666667,10
Chrysobalanus icaco,88,29.16666667,10
Chrysobalanus icaco,89,29.16666667,10
Chrysobalanus icaco,90,6.25,10
Coccothrinax barbadensis,0,0,
Coccothrinax barbadensis,1,0,
Coccothrinax borhidiana,0,82.96703297,2
Coccothrinax borhidiana,1,82.96703297,2
Coccothrinax borhidiana,2,82.96703297,2
Coccothrinax borhidiana,3,63.18681319,2
Coccothrinax borhidiana,4,0,2
Coccothrinax spissa,1,0,
Gaussia attenuata,0,0,
Gaussia attenuata,1,0,
Goetzae elegans,0,100,3
Goetzae elegans,1,100,3
Goetzae elegans,2,100,3
Goetzae elegans,3,86.66666667,3
Goetzae elegans,4,86.66666667,3
Goetzae elegans,5,86.66666667,3
Goetzae elegans,6,86.66666667,3
Goetzae elegans,7,25.28735632,3
Goetzae elegans,8,0,3
Pseudophoenix vinifera,0,8.741258741,1
Pseudophoenix vinifera,1,8.391608392,1
Pseudophoenix vinifera,2,2.447552448,1
Pseudophoenix vinifera,3,2.447552448,1
Pseudophoenix vinifera,4,0,
Syagrus amara,0,0,
Syagrus amara,1,0,
Theophrasta jussieui,0,26.66666667,4
Theophrasta jussieui,1,26.66666667,4
Theophrasta jussieui,2,26.66666667,4
Theophrasta jussieui,3,26.66666667,4
Theophrasta jussieui,4,6.666666667,4
Theophrasta jussieui,5,6.666666667,4
Theophrasta jussieui,6,6.666666667,4
Theophrasta jussieui,7,6.666666667,4
Theophrasta jussieui,8,6.666666667,4
Theophrasta jussieui,9,6.666666667,4
Theophrasta jussieui,10,6.666666667,4
Theophrasta jussieui,11,6.666666667,4
Theophrasta jussieui,12,6.666666667,4
Theophrasta jussieui,13,6.666666667,4
Theophrasta jussieui,14,6.666666667,4
Theophrasta jussieui,15,6.666666667,4
Theophrasta jussieui,16,6.666666667,4
Theophrasta jussieui,17,6.666666667,4
Theophrasta jussieui,18,6.666666667,4
Theophrasta jussieui,19,6.666666667,4
Theophrasta jussieui,20,6.666666667,4
Theophrasta jussieui,21,6.666666667,4
Thrinax radiata,0,100,6
Thrinax radiata,1,58.92857143,6
Thrinax radiata,2,54.16666667,6
Thrinax radiata,3,4.166666667,6
Thrinax radiata,4,4.166666667,6
Thrinax radiata,5,4.166666667,6
Thrinax radiata,6,4.166666667,6
Thrinax radiata,7,4.166666667,6
Thrinax radiata,8,4.166666667,6
Thrinax radiata,9,4.166666667,6
Thrinax radiata,10,2.380952381,6
Thrinax radiata,11,2.380952381,6
Thrinax radiata,12,2.380952381,6
Thrinax radiata,13,1.19047619,6
Thrinax radiata,14,1.19047619,6
Thrinax radiata,15,1.19047619,6
Thrinax radiata,16,1.19047619,6
Thrinax radiata,17,1.19047619,6
Thrinax radiata,18,1.19047619,6
Thrinax radiata,19,1.19047619,6
Thrinax radiata,20,1.19047619,6
Thrinax radiata,21,1.19047619,6
Thrinax radiata,22,1.19047619,6
Thrinax radiata,23,1.19047619,6
Thrinax radiata,24,1.19047619,6
Thrinax radiata,25,1.19047619,6
Thrinax radiata,26,1.19047619,6
Thrinax radiata,27,1.19047619,6
Thrinax radiata,28,1.19047619,6
Zombia antillarum,0,100,8
Zombia antillarum,1,100,8
Zombia antillarum,2,100,8
Zombia antillarum,3,100,8
Zombia antillarum,4,43.18181818,8
Zombia antillarum,5,43.18181818,8
Zombia antillarum,6,43.18181818,8
Zombia antillarum,7,38.63636364,8
Zombia antillarum,8,18.18181818,8
Zombia antillarum,9,18.18181818,8
Zombia antillarum,10,13.63636364,8
Zombia antillarum,11,13.63636364,8
Zombia antillarum,12,13.63636364,8
Zombia antillarum,13,13.63636364,8
Zombia antillarum,14,13.63636364,8
Zombia antillarum,15,13.63636364,8
Zombia antillarum,16,13.63636364,8
Zombia antillarum,17,13.63636364,8
Zombia antillarum,18,13.63636364,8
Zombia antillarum,19,13.63636364,8
Zombia antillarum,20,13.63636364,8
Zombia antillarum,21,9.090909091,8
