,Grenada,Barbados,Saint.Vincent,Saint.Lucia,Martinique,Dominica,Saint.Louis,Guadeloupe,Montserrat,Antigua,Saint.Kitts,Barbuda,Hispaniola,Saint.Croix,Jamaica,Puerto.Rico,Saint.Martin,Vieques,St..Thomas,Gonave.Island,Grand.Cayman,Cuba,Tortuga,Great.Inagua.Island,Little.Inagua,Isla.de.la.Juventud,East.Caicos,Middle.Caicos,Providenciales,North.Caicos,Acklins.Island,Mayaguana,Crooked.Island,Long.Island,Great.Exuma,South.Andros,San.Salvador.Island,Mangrove.Cay,Cat.Island,North.Andros,Eleuthera,New.Providence,Great.Abaco.Island,Grand.Bahama.Island
Grenada,NA,0.095238095,0.023255814,0.011904762,NA,NA,NA,NA,NA,NA,NA,NA,NA,NA,NA,NA,NA,NA,NA,NA,NA,NA,NA,NA,NA,NA,NA,NA,NA,NA,NA,NA,NA,NA,NA,NA,NA,NA,NA,NA,NA,NA,NA,NA
Barbados,NA,NA,NA,0.011904762,0.009615385,0.014925373,0.016528926,NA,NA,NA,NA,NA,NA,NA,NA,NA,NA,NA,NA,NA,NA,NA,NA,NA,NA,NA,NA,NA,NA,NA,NA,NA,NA,NA,NA,NA,NA,NA,NA,NA,NA,NA,NA,NA
Saint.Vincent,0.285714286,0.273809524,NA,0.023809524,0.009615385,0.014925373,NA,NA,NA,NA,NA,NA,NA,NA,NA,NA,NA,NA,NA,NA,NA,NA,NA,NA,NA,NA,NA,NA,NA,NA,NA,NA,NA,NA,NA,NA,NA,NA,NA,NA,NA,NA,NA,NA
Saint.Lucia,0.214285714,0.642857143,0.046511628,NA,0.067307692,0.074626866,0.041322314,0.017857143,NA,NA,NA,NA,NA,NA,NA,NA,NA,NA,NA,NA,NA,NA,NA,NA,NA,NA,NA,NA,NA,NA,NA,NA,NA,NA,NA,NA,NA,NA,NA,NA,NA,NA,NA,NA
Martinique,0.285714286,0.678571429,0.23255814,0.178571429,NA,0.104477612,0.05785124,0.071428571,NA,NA,NA,0.074074074,NA,NA,NA,NA,NA,NA,NA,NA,NA,NA,NA,NA,NA,NA,NA,NA,NA,NA,NA,NA,NA,NA,NA,NA,NA,NA,NA,NA,NA,NA,NA,NA
Dominica,0.125,0.345238095,0.186046512,0.30952381,0.201923077,NA,0.033057851,0.035714286,0.0625,NA,NA,0.111111111,NA,NA,NA,NA,NA,NA,NA,NA,NA,NA,NA,NA,NA,NA,NA,NA,NA,NA,NA,NA,NA,NA,NA,NA,NA,NA,NA,NA,NA,NA,NA,NA
Saint.Louis,0.214285714,0.345238095,0.279069767,0.333333333,0.298076923,0.208955224,NA,0.089285714,0.25,0.142857143,0.166666667,0.185185185,NA,NA,NA,NA,0.023809524,NA,NA,NA,NA,NA,NA,NA,NA,NA,NA,NA,NA,NA,NA,NA,NA,NA,NA,NA,NA,NA,NA,NA,NA,NA,NA,NA
Guadeloupe,0.089285714,0.154761905,0.139534884,0.130952381,0.221153846,0.402985075,0.090909091,NA,0.125,0.071428571,0.066666667,0.222222222,NA,NA,NA,NA,0.023809524,NA,NA,NA,NA,NA,NA,NA,NA,NA,NA,NA,NA,NA,NA,NA,NA,NA,NA,NA,NA,NA,NA,NA,NA,NA,NA,NA
Montserrat,0.035714286,0.035714286,0.046511628,0.035714286,0.048076923,0.089552239,0.074380165,0.142857143,NA,0.071428571,0.033333333,0.074074074,NA,NA,NA,NA,0.023809524,NA,NA,NA,NA,NA,NA,NA,NA,NA,NA,NA,NA,NA,NA,NA,NA,NA,NA,NA,NA,NA,NA,NA,NA,NA,NA,NA
Antigua,NA,0.095238095,NA,0.035714286,0.048076923,0.164179104,0.157024793,0.142857143,0.125,NA,NA,0.148148148,NA,NA,NA,NA,0.047619048,NA,NA,NA,NA,NA,NA,NA,NA,NA,NA,NA,NA,NA,NA,NA,NA,NA,NA,NA,NA,NA,NA,NA,NA,NA,NA,NA
Saint.Kitts,0.053571429,0.05952381,0.069767442,0.071428571,0.057692308,0.134328358,0.123966942,0.142857143,0.25,0.214285714,NA,0.148148148,NA,NA,NA,NA,NA,NA,NA,NA,NA,NA,NA,NA,NA,NA,NA,NA,NA,NA,NA,NA,NA,NA,NA,NA,NA,NA,NA,NA,NA,NA,NA,NA
Barbuda,0.071428571,0.226190476,0.139534884,0.154761905,0.182692308,0.507462687,0.26446281,0.142857143,0.125,0.107142857,0.066666667,NA,NA,NA,NA,0.010526316,0.047619048,NA,NA,NA,NA,NA,NA,NA,NA,NA,NA,NA,NA,NA,NA,NA,NA,NA,NA,NA,NA,NA,NA,NA,NA,NA,NA,NA
Hispaniola,0.339285714,0.130952381,0.255813953,0.238095238,0.211538462,0.179104478,0.173553719,0.125,0.3125,0.107142857,0.166666667,0.555555556,NA,0.25,0.3125,0.431578947,0.119047619,0.211538462,0.160714286,NA,0.018518519,0.064516129,NA,0.129032258,NA,0.012820513,0.02739726,0.029411765,NA,NA,NA,NA,NA,NA,NA,NA,NA,NA,NA,NA,NA,NA,NA,NA
Saint.Croix,0.053571429,0.023809524,0.023255814,0.035714286,0.038461538,0.044776119,0.049586777,0.017857143,0.0625,0.071428571,0.066666667,0.185185185,NA,NA,NA,NA,0.142857143,0.038461538,0.017857143,NA,NA,NA,NA,NA,NA,NA,NA,NA,NA,NA,NA,NA,NA,NA,NA,NA,NA,NA,NA,NA,NA,NA,NA,NA
Jamaica,0.071428571,0.05952381,0.069767442,0.047619048,0.038461538,0.029850746,0.016528926,NA,NA,NA,0.033333333,0.111111111,0.068627451,NA,NA,0.031578947,0.023809524,0.019230769,0.017857143,NA,0.037037037,0.096774194,NA,NA,NA,0.012820513,NA,NA,NA,NA,NA,NA,NA,NA,NA,NA,NA,NA,NA,NA,NA,NA,NA,NA
Puerto.Rico,0.125,0.083333333,0.162790698,0.178571429,0.192307692,0.194029851,0.223140496,0.178571429,0.375,0.25,0.366666667,0.851851852,0.039215686,0.666666667,NA,NA,0.333333333,0.423076923,0.285714286,NA,NA,NA,NA,NA,NA,NA,NA,NA,NA,NA,NA,NA,NA,NA,NA,NA,NA,NA,NA,NA,NA,NA,NA,NA
Saint.Martin,0.017857143,0.035714286,NA,0.023809524,0.028846154,0.089552239,0.090909091,0.089285714,0.1875,0.321428571,0.2,0.444444444,NA,0.083333333,NA,NA,NA,0.019230769,0.017857143,NA,NA,NA,NA,NA,NA,NA,NA,NA,NA,NA,NA,NA,NA,NA,NA,NA,NA,NA,NA,NA,NA,NA,NA,NA
Vieques,0.035714286,0.023809524,NA,0.023809524,0.028846154,0.074626866,0.090909091,0.071428571,0.125,0.142857143,0.3,0.481481481,NA,0.5,NA,0.021052632,0.261904762,NA,0.071428571,NA,NA,NA,NA,NA,NA,NA,NA,NA,NA,NA,NA,NA,NA,NA,NA,NA,NA,NA,NA,NA,NA,NA,NA,NA
St..Thomas,0.035714286,0.023809524,NA,0.023809524,0.028846154,0.074626866,0.082644628,0.053571429,0.125,0.178571429,0.266666667,0.481481481,NA,0.5,NA,0.021052632,0.261904762,0.038461538,NA,NA,NA,NA,NA,NA,NA,NA,NA,NA,NA,NA,NA,NA,NA,NA,NA,NA,NA,NA,NA,NA,NA,NA,NA,NA
Gonave.Island,0.017857143,NA,NA,NA,0.009615385,0.014925373,0.016528926,0.017857143,0.0625,NA,0.033333333,0.037037037,0.019607843,NA,NA,NA,NA,NA,NA,NA,NA,0.016129032,NA,NA,NA,NA,NA,NA,NA,NA,NA,NA,NA,NA,NA,NA,NA,NA,NA,NA,NA,NA,NA,NA
Grand.Cayman,0.089285714,0.05952381,0.186046512,0.071428571,0.086538462,0.029850746,0.033057851,0.053571429,0.0625,0.035714286,0.033333333,0.148148148,0.088235294,NA,0.1875,0.021052632,NA,0.019230769,0.017857143,0.25,NA,0.338709677,NA,0.064516129,0.058823529,0.192307692,NA,NA,NA,NA,NA,NA,NA,NA,NA,NA,NA,NA,NA,NA,NA,NA,NA,NA
Cuba,0.089285714,0.083333333,0.11627907,0.083333333,0.086538462,0.074626866,0.074380165,0.053571429,0.125,0.035714286,0.1,0.259259259,0.166666667,NA,0.5,0.073684211,0.023809524,0.019230769,0.035714286,NA,0.574074074,NA,NA,0.290322581,0.294117647,0.269230769,0.082191781,0.117647059,NA,0.142857143,0.192307692,0.136363636,0.051282051,NA,0.033333333,0.111111111,0.020408163,0.142857143,0.013333333,NA,0.017094017,NA,0.009950249,0.007936508
Tortuga,NA,NA,NA,NA,NA,NA,NA,NA,NA,NA,NA,NA,0.009803922,NA,NA,NA,NA,NA,NA,NA,NA,NA,NA,0.064516129,0.058823529,NA,0.01369863,NA,NA,NA,NA,NA,NA,NA,NA,NA,NA,NA,NA,NA,NA,NA,NA,NA
Great.Inagua.Island,NA,NA,NA,NA,0.009615385,0.014925373,0.008264463,NA,NA,NA,0.033333333,0.074074074,0.137254902,NA,NA,0.042105263,0.023809524,0.057692308,0.053571429,0.25,NA,0.016129032,NA,NA,0.176470588,NA,0.123287671,0.088235294,NA,0.071428571,0.153846154,0.181818182,0.051282051,NA,NA,NA,0.020408163,NA,0.013333333,NA,0.017094017,NA,0.009950249,0.007936508
Little.Inagua,NA,NA,NA,NA,0.009615385,0.014925373,0.008264463,NA,NA,NA,0.033333333,0.037037037,0.049019608,NA,NA,0.010526316,0.023809524,0.057692308,0.035714286,0.25,NA,0.016129032,NA,0.064516129,NA,NA,0.123287671,0.117647059,NA,0.214285714,0.038461538,0.181818182,0.051282051,NA,NA,NA,0.020408163,NA,0.02,NA,0.025641026,NA,0.014925373,0.011904762
Isla.de.la.Juventud,0.089285714,0.071428571,0.162790698,0.095238095,0.096153846,0.059701493,0.049586777,0.053571429,0.125,0.071428571,0.033333333,0.111111111,0.068627451,NA,0.125,0.063157895,NA,NA,NA,NA,0.518518519,0.35483871,NA,0.032258065,NA,NA,NA,NA,NA,NA,NA,NA,NA,NA,NA,NA,NA,NA,NA,NA,NA,NA,NA,NA
East.Caicos,0.017857143,0.023809524,NA,NA,0.009615385,0.014925373,0.041322314,0.017857143,NA,0.071428571,0.1,0.444444444,0.078431373,0.166666667,NA,0.105263158,0.095238095,0.134615385,0.160714286,NA,NA,NA,NA,0.032258065,0.058823529,NA,NA,0.176470588,NA,0.142857143,0.115384615,0.318181818,0.051282051,NA,NA,NA,0.054421769,NA,0.053333333,NA,0.034188034,NA,0.029850746,0.015873016
Middle.Caicos,NA,0.023809524,NA,NA,NA,NA,0.016528926,NA,NA,0.035714286,0.033333333,0.185185185,0.039215686,NA,NA,0.031578947,0.023809524,0.019230769,0.035714286,NA,NA,NA,NA,0.032258065,0.058823529,NA,0.068493151,NA,NA,0.142857143,0.076923077,0.272727273,0.025641026,NA,NA,NA,0.027210884,NA,0.02,NA,0.017094017,NA,0.019900498,0.011904762
Providenciales,NA,NA,NA,NA,NA,NA,NA,NA,NA,NA,NA,0.037037037,NA,NA,NA,NA,NA,NA,NA,NA,NA,NA,NA,NA,NA,NA,NA,NA,NA,NA,NA,NA,NA,NA,NA,NA,NA,NA,NA,NA,NA,NA,NA,NA
North.Caicos,NA,NA,NA,NA,NA,NA,NA,NA,NA,NA,NA,0.074074074,0.009803922,NA,NA,0.010526316,NA,NA,NA,NA,NA,NA,NA,0.032258065,0.058823529,NA,0.02739726,0.088235294,NA,NA,0.038461538,0.136363636,NA,NA,NA,NA,0.013605442,NA,0.013333333,NA,0.017094017,NA,0.014925373,0.007936508
Acklins.Island,NA,0.011904762,NA,NA,NA,0.014925373,0.008264463,NA,NA,0.035714286,0.066666667,0.074074074,0.039215686,NA,NA,0.021052632,0.047619048,0.057692308,0.053571429,NA,NA,0.016129032,NA,0.225806452,0.470588235,NA,0.150684932,0.176470588,NA,0.142857143,NA,0.454545455,0.025641026,NA,NA,NA,0.034013605,NA,0.02,NA,0.017094017,NA,0.014925373,0.011904762
Mayaguana,NA,0.011904762,NA,NA,0.009615385,0.029850746,0.024793388,NA,NA,0.035714286,0.066666667,0.148148148,0.029411765,NA,NA,0.031578947,0.071428571,0.076923077,0.071428571,0.25,NA,0.016129032,NA,0.129032258,0.352941176,NA,0.246575342,0.323529412,NA,0.214285714,0.153846154,NA,0.076923077,NA,NA,NA,0.040816327,NA,0.033333333,NA,0.025641026,NA,0.019900498,0.011904762
Crooked.Island,0.017857143,NA,NA,NA,0.009615385,NA,0.024793388,NA,NA,NA,0.033333333,0.074074074,0.019607843,NA,NA,NA,0.023809524,0.019230769,0.017857143,NA,NA,0.016129032,NA,0.129032258,0.235294118,NA,0.123287671,0.117647059,NA,0.071428571,0.423076923,0.5,NA,NA,0.066666667,NA,0.074829932,NA,0.086666667,NA,0.094017094,NA,0.059701493,0.023809524
Long.Island,NA,NA,NA,NA,NA,NA,0.016528926,NA,NA,NA,NA,0.037037037,0.009803922,NA,NA,NA,NA,NA,NA,NA,NA,0.032258065,NA,0.064516129,0.058823529,NA,0.054794521,0.058823529,NA,NA,0.153846154,0.272727273,0.205128205,NA,0.1,NA,0.047619048,NA,0.06,NA,0.05982906,NA,0.049751244,0.01984127
Great.Exuma,NA,NA,NA,NA,NA,NA,0.024793388,NA,NA,NA,NA,0.037037037,0.019607843,NA,NA,NA,NA,NA,NA,NA,NA,0.016129032,NA,0.064516129,0.058823529,NA,0.02739726,0.029411765,NA,NA,0.153846154,0.090909091,0.230769231,0.148148148,NA,0.111111111,0.074829932,0.285714286,0.053333333,0.2,0.068376068,NA,0.059701493,0.023809524
South.Andros,NA,NA,NA,NA,NA,NA,NA,NA,NA,NA,NA,NA,NA,0.083333333,NA,0.010526316,NA,0.019230769,0.017857143,NA,0.018518519,0.016129032,NA,0.032258065,NA,0.012820513,0.02739726,NA,NA,NA,0.038461538,0.045454545,NA,NA,0.033333333,NA,0.047619048,0.285714286,0.053333333,0.2,0.068376068,0.5,0.039800995,0.023809524
San.Salvador.Island,0.017857143,0.011904762,NA,NA,0.009615385,0.014925373,0.049586777,NA,NA,0.071428571,0.1,0.444444444,0.058823529,0.166666667,NA,0.063157895,0.095238095,0.096153846,0.125,NA,NA,0.048387097,NA,0.193548387,0.352941176,NA,0.397260274,0.382352941,NA,0.214285714,0.461538462,1.181818182,0.179487179,0.185185185,0.166666667,NA,NA,NA,0.3,NA,0.35042735,NA,0.28358209,0.154761905
Mangrove.Cay,NA,NA,NA,NA,NA,NA,NA,NA,NA,NA,NA,NA,NA,NA,NA,NA,NA,NA,NA,NA,0.018518519,0.016129032,NA,0.032258065,NA,0.012820513,NA,NA,NA,NA,0.038461538,0.045454545,NA,NA,0.033333333,0.222222222,0.027210884,NA,0.026666667,0.4,0.042735043,0.333333333,0.029850746,0.023809524
Cat.Island,0.017857143,0.023809524,NA,0.011904762,0.019230769,0.044776119,0.05785124,0.035714286,NA,0.035714286,0.066666667,0.444444444,0.039215686,0.166666667,NA,0.052631579,0.071428571,0.076923077,0.089285714,NA,0.018518519,0.048387097,NA,0.129032258,0.235294118,0.025641026,0.342465753,0.294117647,NA,0.142857143,0.384615385,0.909090909,0.256410256,0.185185185,0.1,NA,0.326530612,NA,NA,0.2,0.307692308,NA,0.288557214,0.202380952
North.Andros,NA,NA,NA,NA,NA,NA,NA,NA,NA,NA,NA,NA,NA,NA,NA,NA,NA,NA,NA,NA,0.018518519,NA,NA,NA,NA,0.012820513,NA,NA,NA,NA,NA,NA,NA,NA,NA,0.222222222,0.013605442,0.571428571,0.026666667,NA,0.034188034,0.333333333,0.024875622,0.01984127
Eleuthera,NA,0.023809524,NA,0.011904762,0.009615385,0.044776119,0.041322314,0.035714286,NA,0.035714286,0.033333333,0.259259259,0.019607843,0.083333333,NA,0.052631579,0.071428571,0.038461538,0.053571429,NA,0.018518519,0.048387097,NA,0.096774194,0.117647059,0.025641026,0.136986301,0.117647059,NA,NA,0.230769231,0.318181818,0.307692308,0.37037037,0.2,0.111111111,0.455782313,0.142857143,0.306666667,0.2,NA,0.166666667,0.243781095,0.138888889
New.Providence,NA,NA,NA,NA,NA,NA,NA,NA,NA,NA,NA,NA,NA,NA,NA,NA,NA,NA,NA,NA,0.018518519,NA,NA,NA,NA,0.012820513,NA,NA,NA,NA,NA,NA,NA,0.037037037,0.033333333,0.111111111,0.027210884,0.142857143,0.026666667,0.2,0.034188034,NA,0.029850746,0.023809524
Great.Abaco.Island,0.071428571,0.047619048,0.093023256,0.083333333,0.076923077,0.074626866,0.082644628,0.071428571,NA,0.035714286,0.033333333,0.333333333,0.098039216,0.083333333,0.1875,0.136842105,0.071428571,0.057692308,0.071428571,NA,0.37037037,0.532258065,NA,0.161290323,0.176470588,0.384615385,0.178082192,0.147058824,NA,NA,0.192307692,0.409090909,0.256410256,0.296296296,0.3,0.222222222,0.503401361,0.285714286,0.413333333,NA,0.307692308,NA,NA,0.23015873
Grand.Bahama.Island,0.053571429,0.035714286,0.093023256,0.071428571,0.057692308,0.059701493,0.05785124,0.071428571,NA,0.035714286,0.033333333,0.259259259,0.088235294,NA,0.1875,0.126315789,0.071428571,0.038461538,0.053571429,NA,0.351851852,0.516129032,NA,0.161290323,0.176470588,0.358974359,0.109589041,0.117647059,NA,NA,0.192307692,0.272727273,0.179487179,0.259259259,0.233333333,0.333333333,0.394557823,0.285714286,0.44,NA,0.427350427,0.166666667,0.268656716,NA
