"","1","2","3","4","5","6","7","8","9","10","11","12","13","14","15","16","17","18","19","20","21","22","23","24","25","26","27","28","29","30","31","32","33","34","35","36","37","38","39","40","41","42","43","44"
"1",NA,0.0790162218761905,0,0.00752223966547619,NA,NA,NA,NA,NA,NA,NA,NA,NA,NA,NA,NA,NA,NA,NA,NA,NA,NA,NA,NA,NA,NA,NA,NA,NA,NA,NA,NA,NA,NA,NA,NA,NA,NA,NA,NA,NA,NA,NA,NA
"2",NA,NA,NA,0,0,0,0,NA,NA,NA,NA,NA,NA,NA,NA,NA,NA,NA,NA,NA,NA,NA,NA,NA,NA,NA,NA,NA,NA,NA,NA,NA,NA,NA,NA,NA,NA,NA,NA,NA,NA,NA,NA,NA
"3",0.237048665628572,0.227171637894048,NA,0.0197540554690476,0,0,NA,NA,NA,NA,NA,NA,NA,NA,NA,NA,NA,NA,NA,NA,NA,NA,NA,NA,NA,NA,NA,NA,NA,NA,NA,NA,NA,NA,NA,NA,NA,NA,NA,NA,NA,NA,NA,NA
"4",0.177786499221428,0.533359497664286,0.0385893176604651,NA,0,0.0471543382014925,0.0261102533842975,0,NA,NA,NA,NA,NA,NA,NA,NA,NA,NA,NA,NA,NA,NA,NA,NA,NA,NA,NA,NA,NA,NA,NA,NA,NA,NA,NA,NA,NA,NA,NA,NA,NA,NA,NA,NA
"5",0.237048665628572,0.562990580867858,0.192946588302326,0.148155416017857,NA,0,0.0479974570900827,0.0592621664071428,NA,NA,NA,0,NA,NA,NA,NA,NA,NA,NA,NA,NA,NA,NA,NA,NA,NA,NA,NA,NA,NA,NA,NA,NA,NA,NA,NA,NA,NA,NA,NA,NA,NA,NA,NA
"6",0,0.28643380430119,0.117556861748837,0.256802721097619,0.167529585804808,NA,0,0,0,NA,NA,0.0921855921888888,NA,NA,NA,NA,NA,NA,NA,NA,NA,NA,NA,NA,NA,NA,NA,NA,NA,NA,NA,NA,NA,NA,NA,NA,NA,NA,NA,NA,NA,NA,NA,NA
"7",0,0.28643380430119,0.176335292623256,0.276556776566666,0.247305579045192,0.173363949489552,NA,0.0740777080089286,0.207417582425,0.0902668759857144,0.138278388283334,0,NA,NA,NA,NA,0,NA,NA,NA,NA,NA,NA,NA,NA,NA,NA,NA,NA,NA,NA,NA,NA,NA,NA,NA,NA,NA,NA,NA,NA,NA,NA,NA
"8",0,0,0,0,0.183484784452884,0.334344759729851,0.0754245754272727,NA,0.1037087912125,0.0592621664071428,0.0553113553133334,0.184371184377778,NA,NA,NA,NA,0,NA,NA,NA,NA,NA,NA,NA,NA,NA,NA,NA,NA,NA,NA,NA,NA,NA,NA,NA,NA,NA,NA,NA,NA,NA,NA,NA
"9",0,0,0,0,0,0,0.0617110162586777,0.118524332814286,NA,0.0592621664071428,0,0,NA,NA,NA,NA,0,NA,NA,NA,NA,NA,NA,NA,NA,NA,NA,NA,NA,NA,NA,NA,NA,NA,NA,NA,NA,NA,NA,NA,NA,NA,NA,NA
"10",NA,0,NA,0,0,0,0.130278812101653,0.118524332814286,0.1037087912125,NA,NA,0.122914122918518,NA,NA,NA,NA,0.0395081109380952,NA,NA,NA,NA,NA,NA,NA,NA,NA,NA,NA,NA,NA,NA,NA,NA,NA,NA,NA,NA,NA,NA,NA,NA,NA,NA,NA
"11",0,0,0,0,0,0,0.102851693764463,0.118524332814286,0.207417582425,0.177786499221428,NA,0.122914122918518,NA,NA,NA,NA,NA,NA,NA,NA,NA,NA,NA,NA,NA,NA,NA,NA,NA,NA,NA,NA,NA,NA,NA,NA,NA,NA,NA,NA,NA,NA,NA,NA
"12",0,0,0,0,0.115437447174039,0.421026734474627,0.21941694669752,0.118524332814286,0,0,0,NA,NA,NA,NA,0,0,NA,NA,NA,NA,NA,NA,NA,NA,NA,NA,NA,NA,NA,NA,NA,NA,NA,NA,NA,NA,NA,NA,NA,NA,NA,NA,NA
"13",0,0,0,0,0,0,0,0,0,0,0,0,NA,0,0.25927197803125,0.358068247554737,0,0,0,NA,0,0.0535271180451613,NA,0,NA,0,0,0,NA,NA,NA,NA,NA,NA,NA,NA,NA,NA,NA,NA,NA,NA,NA,NA
"14",0,0,0,0,0,0,0,0,0,0,0,0,NA,NA,NA,NA,0,0,0,NA,NA,NA,NA,NA,NA,NA,NA,NA,NA,NA,NA,NA,NA,NA,NA,NA,NA,NA,NA,NA,NA,NA,NA,NA
"15",0,0,0,0,0,0,0,NA,NA,NA,0,0,0.0569381598813726,NA,NA,0,0,0,0,NA,0,0.0611485288935484,NA,NA,NA,0,NA,NA,NA,NA,NA,NA,NA,NA,NA,NA,NA,NA,NA,NA,NA,NA,NA,NA
"16",0,0,0,0,0,0,0,0,0,0,0,0,0.0325360913607843,0,NA,NA,0,0.351014370257692,0.237048665628572,NA,NA,NA,NA,NA,NA,NA,NA,NA,NA,NA,NA,NA,NA,NA,NA,NA,NA,NA,NA,NA,NA,NA,NA,NA
"17",0,0,NA,0,0,0,0,0,0,0.203100470967857,0.16593406594,0.368742368755555,NA,0.0691391941416666,NA,NA,NA,0,0,NA,NA,NA,NA,NA,NA,NA,NA,NA,NA,NA,NA,NA,NA,NA,NA,NA,NA,NA,NA,NA,NA,NA,NA,NA
"18",0,0,NA,0,0,0,0,0,0,0,0,0,NA,0.41483516485,NA,0,0,NA,0.0592621664071428,NA,NA,NA,NA,NA,NA,NA,NA,NA,NA,NA,NA,NA,NA,NA,NA,NA,NA,NA,NA,NA,NA,NA,NA,NA
"19",0,0,NA,0,0,0,0,0,0,0,0,0,NA,0.31593406595,NA,0.0133024869873684,0.165489272640476,0.0319103972961539,NA,NA,NA,NA,NA,NA,NA,NA,NA,NA,NA,NA,NA,NA,NA,NA,NA,NA,NA,NA,NA,NA,NA,NA,NA,NA
"20",0,NA,NA,NA,0,0,0,0,0,NA,0,0,0.0162680456803922,NA,NA,NA,NA,NA,NA,NA,NA,0.0101914214822581,NA,NA,NA,NA,NA,NA,NA,NA,NA,NA,NA,NA,NA,NA,NA,NA,NA,NA,NA,NA,NA,NA
"21",0,0,0,0,0,0,0,0,0,0,0,0,0,NA,0,0,NA,0,0,0,NA,0,NA,0,0,0.159551986480769,NA,NA,NA,NA,NA,NA,NA,NA,NA,NA,NA,NA,NA,NA,NA,NA,NA,NA
"22",0,0,0,0,0,0,0,0,0,0,0,0,0.138278388283334,NA,0.41483516485,0,0,0,0,NA,0,NA,NA,0.240872031203226,0,0.223372781073077,0,0,NA,0,0,0,0,NA,0,0,0,0,0,NA,0,NA,0,0
"23",NA,NA,NA,NA,NA,NA,NA,NA,NA,NA,NA,NA,0,NA,NA,NA,NA,NA,NA,NA,NA,NA,NA,0.0407656859290323,0,NA,0,NA,NA,NA,NA,NA,NA,NA,NA,NA,NA,NA,NA,NA,NA,NA,NA,NA
"24",NA,NA,NA,NA,0,0,0,NA,NA,NA,0,0,0.113876319762745,NA,NA,0,0,0,0,0,NA,0.0133817795112903,NA,NA,0.146412411123529,NA,0.102288122839726,0,NA,0,0,0,0,NA,NA,NA,0,NA,0,NA,0,NA,0,0
"25",NA,NA,NA,NA,0,0,0,NA,NA,NA,0,0,0,NA,NA,0,0,0,0,0,NA,0,NA,0.0535271180451613,NA,NA,0.102288122839726,0,NA,0.177786499221428,0,0.150849150854546,0,NA,NA,NA,0,NA,0,NA,0,NA,0,0
"26",0,0,0,0,0,0,0,0,0,0,0,0,0,NA,0,0,NA,NA,NA,NA,0.430199430214814,0.294399149248387,NA,0,NA,NA,NA,NA,NA,NA,NA,NA,NA,NA,NA,NA,NA,NA,NA,NA,NA,NA,NA,NA
"27",0,0,NA,NA,0,0,0,0,NA,0,0,0,0,0,NA,0,0,0,0,NA,NA,NA,NA,0,0,NA,NA,0.146412411123529,NA,0.118524332814286,0,0.263986013995454,0,NA,NA,NA,0,NA,0,NA,0,NA,0,0
"28",NA,0,NA,NA,NA,NA,0,NA,NA,0,0,0,0,NA,NA,0,0,0,0,NA,NA,NA,NA,0,0.0371687136411765,NA,0.0568267349109589,NA,NA,0.118524332814286,0,0,0,NA,NA,NA,0,NA,0,NA,0,NA,0,0
"29",NA,NA,NA,NA,NA,NA,NA,NA,NA,NA,NA,0,NA,NA,NA,NA,NA,NA,NA,NA,NA,NA,NA,NA,NA,NA,NA,NA,NA,NA,NA,NA,NA,NA,NA,NA,NA,NA,NA,NA,NA,NA,NA,NA
"30",NA,NA,NA,NA,NA,NA,NA,NA,NA,NA,NA,0,0,NA,NA,0,NA,NA,NA,NA,NA,NA,NA,0,0.0488041370411765,NA,0.0227306939643836,0.0732062055617647,NA,NA,0,0,NA,NA,NA,NA,0,NA,0,NA,0,NA,0,0
"31",NA,0,NA,NA,NA,0,0,NA,NA,0,0,0,0,NA,NA,0,0,0,0,NA,NA,0,NA,0.142679900751613,0.390433096329412,NA,0,0,NA,0,NA,0.377122877136364,0,NA,NA,NA,0.0282200792414966,NA,0,NA,0,NA,0,0
"32",NA,0,NA,NA,0,0,0,NA,NA,0,0,0,0,NA,NA,0,0,0,0,0,NA,0,NA,0,0.292824822247059,NA,0.204576245679452,0.268422753726471,NA,0.135400313978571,0.127641589184616,NA,0.0638207945923077,NA,NA,NA,0.0338640950897959,NA,0,NA,0,NA,0,0
"33",0,NA,NA,NA,0,NA,0,NA,NA,NA,0,0,0,NA,NA,NA,0,0,0,NA,NA,0,NA,0,0,NA,0,0,NA,0,0.351014370257692,0.41483516485,NA,NA,0,NA,0.0620841743312925,NA,0.0719047619073334,NA,0,NA,0,0
"34",NA,NA,NA,NA,NA,NA,0,NA,NA,NA,NA,0,0,NA,NA,NA,NA,NA,NA,NA,NA,0,NA,0,0,NA,0,0,NA,NA,0.0972104818307693,0,0.170188785579487,NA,0.08296703297,NA,0.0395081109380952,NA,0.049780219782,NA,0,NA,0,0
"35",NA,NA,NA,NA,NA,NA,0,NA,NA,NA,NA,0,0,NA,NA,NA,NA,NA,NA,NA,NA,0,NA,0,0,NA,0,0,NA,NA,0,0,0.191462383776923,0.122914122918518,NA,0.0921855921888888,0.0620841743312925,0.237048665628572,0.0442490842506666,0,0.043204658591453,NA,0,0
"36",NA,NA,NA,NA,NA,NA,NA,NA,NA,NA,NA,NA,NA,0,NA,0,NA,0,0,NA,0,0,NA,0,NA,0,0,NA,NA,NA,0,0,NA,NA,0.0276556776566666,NA,0,0,0.0442490842506666,0,0.0567295951931624,0.41483516485,0.0330217046646766,0
"37",0,0,NA,NA,0,0,0,NA,NA,0,0,0,0,0,NA,0,0,0,0,NA,NA,0,NA,0,0.223012281847059,NA,0,0,NA,0,0.382924767553847,0.980519480554544,0,0,0,NA,NA,NA,0,NA,0.290739175364957,NA,0.235279645735821,0.0977891156511906
"38",NA,NA,NA,NA,NA,NA,NA,NA,NA,NA,NA,NA,NA,NA,NA,NA,NA,NA,NA,NA,0,0,NA,0,NA,0,NA,NA,NA,NA,0,0,NA,NA,0.0276556776566666,0.184371184377778,0,NA,0.0221245421253334,0,0,0.276556776566666,0.0247662784985074,0
"39",0,0,NA,0,0,0,0,0,NA,0,0,0,0,0,NA,0,0,0,0,NA,0,0,NA,0,0,0,0,0,NA,0,0,0,0.212735981974359,0,0,NA,0.270912760718367,NA,NA,0,0.255283178369231,NA,0.239407358818905,0.167909471486904
"40",NA,NA,NA,NA,NA,NA,NA,NA,NA,NA,NA,NA,NA,NA,NA,NA,NA,NA,NA,NA,0,NA,NA,NA,NA,0,NA,NA,NA,NA,NA,NA,NA,NA,NA,0.184371184377778,0,0.474097331257142,0.0221245421253334,NA,0,0.276556776566666,0.0206385654154229,0
"41",NA,0,NA,0,0,0,0,0,NA,0,0,0,0,0,NA,0,0,0,0,NA,0,0,NA,0,0,0,0,0,NA,NA,0,0,0,0.234025234037037,0,0.0921855921888888,0.378149061836054,0,0.254432234441334,0.12637362638,NA,0,0.202257941071144,0.115231990236111
"42",NA,NA,NA,NA,NA,NA,NA,NA,NA,NA,NA,NA,NA,NA,NA,NA,NA,NA,NA,NA,0,NA,NA,NA,NA,0,NA,NA,NA,NA,NA,NA,NA,0,0,0,0,0,0.0168498168506667,0,0.0283647975965812,NA,0.0247662784985074,0.0150444793309524
"43",0,0,0,0,0,0,0,0,NA,0,0,0,0,0,0,0,0,0,0,NA,0,0,NA,0,0,0,0,0,NA,NA,0,0,0,0,0,0,0.41765717277415,0,0.342930402942666,NA,0,NA,NA,0.190955869534127
"44",0,0,0,0,0,0,0,0,NA,0,0,0,0,NA,0,0,0,0,0,NA,0,0,NA,0,0,0,0,0,NA,NA,0,0,0,0,0,0,0,0,0.365054945068,NA,0.354559969957265,0,0.222896506486567,NA
