"","1","2","3","4","5","6","7","8","9","10","11","12","13","14","15","16","17","18","19","20","21","22","23","24","25","26","27","28","29","30","31","32","33","34","35","36","37","38","39","40","41","42","43","44"
"1",NA,0.0131578947333333,0,0.00031328320797619,NA,NA,NA,NA,NA,NA,NA,NA,NA,NA,NA,NA,NA,NA,NA,NA,NA,NA,NA,NA,NA,NA,NA,NA,NA,NA,NA,NA,NA,NA,NA,NA,NA,NA,NA,NA,NA,NA,NA,NA
"2",NA,NA,NA,0,0,0,0,NA,NA,NA,NA,NA,NA,NA,NA,NA,NA,NA,NA,NA,NA,NA,NA,NA,NA,NA,NA,NA,NA,NA,NA,NA,NA,NA,NA,NA,NA,NA,NA,NA,NA,NA,NA,NA
"3",0.0394736842,0.0378289473583334,NA,0.00328947368333333,0,0,NA,NA,NA,NA,NA,NA,NA,NA,NA,NA,NA,NA,NA,NA,NA,NA,NA,NA,NA,NA,NA,NA,NA,NA,NA,NA,NA,NA,NA,NA,NA,NA,NA,NA,NA,NA,NA,NA
"4",0.02960526315,0.08881578945,0.00642594859069767,NA,0,0.0019638648858209,0.00108742931694215,0,NA,NA,NA,NA,NA,NA,NA,NA,NA,NA,NA,NA,NA,NA,NA,NA,NA,NA,NA,NA,NA,NA,NA,NA,NA,NA,NA,NA,NA,NA,NA,NA,NA,NA,NA,NA
"5",0.0394736842,0.0937499999750001,0.0321297429534884,0.0246710526250001,NA,0,0.0079926054785124,0.00986842105,NA,NA,NA,0,NA,NA,NA,NA,NA,NA,NA,NA,NA,NA,NA,NA,NA,NA,NA,NA,NA,NA,NA,NA,NA,NA,NA,NA,NA,NA,NA,NA,NA,NA,NA,NA
"6",0,0.0476973684083333,0.00489596083162791,0.0427631578833334,0.0278972671990385,NA,0,0,0,NA,NA,0.0153508771888889,NA,NA,NA,NA,NA,NA,NA,NA,NA,NA,NA,NA,NA,NA,NA,NA,NA,NA,NA,NA,NA,NA,NA,NA,NA,NA,NA,NA,NA,NA,NA,NA
"7",0,0.0476973684083333,0.00734394124744185,0.0460526315666666,0.0411816801509615,0.0288688138179104,NA,0.0123355263125,0.034539473675,0.00375939849571429,0.0230263157833334,0,NA,NA,NA,NA,0,NA,NA,NA,NA,NA,NA,NA,NA,NA,NA,NA,NA,NA,NA,NA,NA,NA,NA,NA,NA,NA,NA,NA,NA,NA,NA,NA
"8",0,0,0,0,0.0305541497894231,0.0556755695059702,0.0125598086090909,NA,0.0172697368375,0.00986842105,0.00921052631333334,0.0307017543777777,NA,NA,NA,NA,0,NA,NA,NA,NA,NA,NA,NA,NA,NA,NA,NA,NA,NA,NA,NA,NA,NA,NA,NA,NA,NA,NA,NA,NA,NA,NA,NA
"9",0,0,0,0,0,0,0.0102762070438017,0.0197368421,NA,0.00986842105,0,0,NA,NA,NA,NA,0,NA,NA,NA,NA,NA,NA,NA,NA,NA,NA,NA,NA,NA,NA,NA,NA,NA,NA,NA,NA,NA,NA,NA,NA,NA,NA,NA
"10",NA,0,NA,0,0,0,0.021694214870248,0.0197368421,0.0172697368375,NA,NA,0.0204678362518518,NA,NA,NA,NA,0.00657894736666666,NA,NA,NA,NA,NA,NA,NA,NA,NA,NA,NA,NA,NA,NA,NA,NA,NA,NA,NA,NA,NA,NA,NA,NA,NA,NA,NA
"11",0,0,0,0,0,0,0.0171270117396694,0.0197368421,0.034539473675,0.02960526315,NA,0.0204678362518518,NA,NA,NA,NA,NA,NA,NA,NA,NA,NA,NA,NA,NA,NA,NA,NA,NA,NA,NA,NA,NA,NA,NA,NA,NA,NA,NA,NA,NA,NA,NA,NA
"12",0,0,0,0,0.00480769230701924,0.0701099764149253,0.036537625044628,0.0197368421,0,0,0,NA,NA,NA,NA,0,0,NA,NA,NA,NA,NA,NA,NA,NA,NA,NA,NA,NA,NA,NA,NA,NA,NA,NA,NA,NA,NA,NA,NA,NA,NA,NA,NA
"13",0,0,0,0,0,0,0,0,0,0,0,0,NA,0,0.04317434209375,0.0596260387652632,0,0,0,NA,0,0.00891341256129033,NA,0,NA,0,0,0,NA,NA,NA,NA,NA,NA,NA,NA,NA,NA,NA,NA,NA,NA,NA,NA
"14",0,0,0,0,0,0,0,0,0,0,0,0,NA,NA,NA,NA,0,0,0,NA,NA,NA,NA,NA,NA,NA,NA,NA,NA,NA,NA,NA,NA,NA,NA,NA,NA,NA,NA,NA,NA,NA,NA,NA
"15",0,0,0,0,0,0,0,NA,NA,NA,0,0,0.00948142414607844,NA,NA,0,0,0,0,NA,0,0.00254668930354839,NA,NA,NA,0,NA,NA,NA,NA,NA,NA,NA,NA,NA,NA,NA,NA,NA,NA,NA,NA,NA,NA
"16",0,0,0,0,0,0,0,0,0,0,0,0,0.00541795665490196,0,NA,NA,0,0.0584514169884615,0.0394736842,NA,NA,NA,NA,NA,NA,NA,NA,NA,NA,NA,NA,NA,NA,NA,NA,NA,NA,NA,NA,NA,NA,NA,NA,NA
"17",0,0,NA,0,0,0,0,0,0,0.00845864661535713,0.02763157894,0.0614035087555555,NA,0.0115131578916667,NA,NA,NA,0,0,NA,NA,NA,NA,NA,NA,NA,NA,NA,NA,NA,NA,NA,NA,NA,NA,NA,NA,NA,NA,NA,NA,NA,NA,NA
"18",0,0,NA,0,0,0,0,0,0,0,0,0,NA,0.06907894735,NA,0,0,NA,0.00986842105,NA,NA,NA,NA,NA,NA,NA,NA,NA,NA,NA,NA,NA,NA,NA,NA,NA,NA,NA,NA,NA,NA,NA,NA,NA
"19",0,0,NA,0,0,0,0,0,0,0,0,0,NA,0.013157894735,NA,0.000554016620421053,0.00689223057547619,0.00531376518076924,NA,NA,NA,NA,NA,NA,NA,NA,NA,NA,NA,NA,NA,NA,NA,NA,NA,NA,NA,NA,NA,NA,NA,NA,NA,NA
"20",0,NA,NA,NA,0,0,0,0,0,NA,0,0,0.00270897832745098,NA,NA,NA,NA,NA,NA,NA,NA,0.000424448217258064,NA,NA,NA,NA,NA,NA,NA,NA,NA,NA,NA,NA,NA,NA,NA,NA,NA,NA,NA,NA,NA,NA
"21",0,0,0,0,0,0,0,0,0,0,0,0,0,NA,0,0,NA,0,0,0,NA,0,NA,0,0,0.0265688259038461,NA,NA,NA,NA,NA,NA,NA,NA,NA,NA,NA,NA,NA,NA,NA,NA,NA,NA
"22",0,0,0,0,0,0,0,0,0,0,0,0,0.0230263157833334,NA,0.06907894735,0,0,0,0,NA,0,NA,NA,0.0401103565258064,0,0.0371963562653846,0,0,NA,0,0,0,0,NA,0,0,0,0,0,NA,0,NA,0,0
"23",NA,NA,NA,NA,NA,NA,NA,NA,NA,NA,NA,NA,0,NA,NA,NA,NA,NA,NA,NA,NA,NA,NA,0.00169779286903226,0,NA,0,NA,NA,NA,NA,NA,NA,NA,NA,NA,NA,NA,NA,NA,NA,NA,NA,NA
"24",NA,NA,NA,NA,0,0,0,NA,NA,NA,0,0,0.0189628482921568,NA,NA,0,0,0,0,0,NA,0.00222835314032258,NA,NA,0.0243808049470588,NA,0.0170331651,0,NA,0,0,0,0,NA,NA,NA,0,NA,0,NA,0,NA,0,0
"25",NA,NA,NA,NA,0,0,0,NA,NA,NA,0,0,0,NA,NA,0,0,0,0,0,NA,0,NA,0.00891341256129033,NA,NA,0.0170331651,0,NA,0.02960526315,0,0.0251196172181818,0,NA,NA,NA,0,NA,0,NA,0,NA,0,0
"26",0,0,0,0,0,0,0,0,0,0,0,0,0,NA,0,0,NA,NA,NA,NA,0.0716374268814814,0.0490237690870967,NA,0,NA,NA,NA,NA,NA,NA,NA,NA,NA,NA,NA,NA,NA,NA,NA,NA,NA,NA,NA,NA
"27",0,0,NA,NA,0,0,0,0,NA,0,0,0,0,0,NA,0,0,0,0,NA,NA,NA,NA,0,0,NA,NA,0.0243808049470588,NA,0.0197368421,0,0.0439593301318182,0,NA,NA,NA,0,NA,0,NA,0,NA,0,0
"28",NA,0,NA,NA,NA,NA,0,NA,NA,0,0,0,0,NA,NA,0,0,0,0,NA,NA,NA,NA,0,0.00154798761588235,NA,0.0094628695,NA,NA,0.0197368421,0,0,0,NA,NA,NA,0,NA,0,NA,0,NA,0,0
"29",NA,NA,NA,NA,NA,NA,NA,NA,NA,NA,NA,0,NA,NA,NA,NA,NA,NA,NA,NA,NA,NA,NA,NA,NA,NA,NA,NA,NA,NA,NA,NA,NA,NA,NA,NA,NA,NA,NA,NA,NA,NA,NA,NA
"30",NA,NA,NA,NA,NA,NA,NA,NA,NA,NA,NA,0,0,NA,NA,0,NA,NA,NA,NA,NA,NA,NA,0,0.00812693498235294,NA,0.0037851478,0.0121904024735294,NA,NA,0,0,NA,NA,NA,NA,0,NA,0,NA,0,NA,0,0
"31",NA,0,NA,NA,NA,0,0,NA,NA,0,0,0,0,NA,NA,0,0,0,0,NA,NA,0,NA,0.0059422750416129,0.0650154798588236,NA,0,0,NA,0,NA,0.0627990430454546,0,NA,NA,NA,0.00469924811904762,NA,0,NA,0,NA,0,0
"32",NA,0,NA,NA,0,0,0,NA,NA,0,0,0,0,NA,NA,0,0,0,0,0,NA,0,NA,0,0.0487616098941176,NA,0.0340663301999999,0.0446981424029412,NA,0.00563909774357142,0.0212550607230769,NA,0.0106275303615385,NA,NA,NA,0.00563909774285714,NA,0,NA,0,NA,0,0
"33",0,NA,NA,NA,0,NA,0,NA,NA,NA,0,0,0,NA,NA,NA,0,0,0,NA,NA,0,NA,0,0,NA,0,0,NA,0,0.0584514169884615,0.06907894735,NA,NA,0,NA,0.0103383458619048,NA,0.0119736842073333,NA,0,NA,0,0
"34",NA,NA,NA,NA,NA,NA,0,NA,NA,NA,NA,0,0,NA,NA,NA,NA,NA,NA,NA,NA,0,NA,0,0,NA,0,0,NA,NA,0.00404858299538462,0,0.0283400809641025,NA,0.01381578947,NA,0.00657894736666666,NA,0.008289473682,NA,0,NA,0,0
"35",NA,NA,NA,NA,NA,NA,0,NA,NA,NA,NA,0,0,NA,NA,NA,NA,NA,NA,NA,NA,0,NA,0,0,NA,0,0,NA,NA,0,0,0.0318825910846154,0.0204678362518518,NA,0.0153508771888889,0.0103383458619048,0.0394736842,0.00736842105066666,0,0.00179937022017094,NA,0,0
"36",NA,NA,NA,NA,NA,NA,NA,NA,NA,NA,NA,NA,NA,0,NA,0,NA,0,0,NA,0,0,NA,0,NA,0,0,NA,NA,NA,0,0,NA,NA,0.00460526315666666,NA,0,0,0.00736842105066666,0,0.00944669365470086,0.06907894735,0.00549882167960199,0
"37",0,0,NA,NA,0,0,0,NA,NA,0,0,0,0,0,NA,0,0,0,0,NA,NA,0,NA,0,0.00928792569529411,NA,0,0,NA,0,0.0637651821692308,0.163277511918182,0,0,0,NA,NA,NA,0,NA,0.0484143049803418,NA,0.0391791044671642,0.00407268170369048
"38",NA,NA,NA,NA,NA,NA,NA,NA,NA,NA,NA,NA,NA,NA,NA,NA,NA,NA,NA,NA,0,0,NA,0,NA,0,NA,NA,NA,NA,0,0,NA,NA,0.00460526315666666,0.0307017543777777,0,NA,0.00368421052533334,0,0,0.0460526315666666,0.00412411625970149,0
"39",0,0,NA,0,0,0,0,0,NA,0,0,0,0,0,NA,0,0,0,0,NA,0,0,NA,0,0,0,0,0,NA,0,0,0,0.0354251012051282,0,0,NA,0.0451127819428572,NA,NA,0,0.0425101214461539,NA,0.0398664571771144,0.0279605263083333
"40",NA,NA,NA,NA,NA,NA,NA,NA,NA,NA,NA,NA,NA,NA,NA,NA,NA,NA,NA,NA,0,NA,NA,NA,NA,0,NA,NA,NA,NA,NA,NA,NA,NA,NA,0.0307017543777777,0,0.0789473683999999,0.00368421052533334,NA,0,0.0460526315666666,0.00343676354975125,0
"41",NA,0,NA,0,0,0,0,0,NA,0,0,0,0,0,NA,0,0,0,0,NA,0,0,NA,0,0,0,0,0,NA,NA,0,0,0,0.00974658869259258,0,0.0153508771888889,0.0629699247952381,0,0.0423684210413334,0.005263157894,NA,0,0.0336802827875622,0.0191885964861111
"42",NA,NA,NA,NA,NA,NA,NA,NA,NA,NA,NA,NA,NA,NA,NA,NA,NA,NA,NA,NA,0,NA,NA,NA,NA,0,NA,NA,NA,NA,NA,NA,NA,0,0,0,0,0,0.000701754385866668,0,0.00472334682735043,NA,0.00412411625970149,0.000626566415952381
"43",0,0,0,0,0,0,0,0,NA,0,0,0,0,0,0,0,0,0,0,NA,0,0,NA,0,0,0,0,0,NA,NA,0,0,0,0,0,0,0.0695488721619048,0,0.0571052631426666,NA,0,NA,NA,0.0317982456055555
"44",0,0,0,0,0,0,0,0,NA,0,0,0,0,NA,0,0,0,0,0,NA,0,0,NA,0,0,0,0,0,NA,NA,0,0,0,0,0,0,0,0,0.060789473668,NA,0.0590418353418803,0,0.0371170463373134,NA
